Workbook

Sheet Student Records
A1: StudentID | B1: Name | C1: Course | D1: Semester | E1: Marks (/100) | F1: Attendance (%) | G1: CGPA | H1: Department
A2: EC1028 | B2: Gaurav Pandey | C2: B.Tech ECE | D2: 7 | E2: 70 | F2: 67.7 | G2: 7.51 | H2: Electronics
A3: IT1087 | B3: Varun Singh | C3: B.Sc IT | D3: 7 | E3: 94 | F3: 68.2 | G3: 9.55 | H3: Information Technology
A4: IT1097 | B4: Gaurav Rao | C4: MCA | D4: 8 | E4: 76 | F4: 97.1 | G4: 8.16 | H4: Information Technology
A5: ME1049 | B5: Dhruv Bhatia | C5: B.Tech Auto | D5: 4 | E5: 82 | F5: 58.1 | G5: 8.55 | H5: Mechanical
A6: CS1006 | B6: Pooja Das | C6: B.Tech CSE | D6: 2 | E6: 45 | F6: 65.1 | G6: 4.86 | H6: Computer Science
A7: CS1014 | B7: Zara Bhatia | C7: B.Tech CSE | D7: 5 | E7: 31 | F7: 46.6 | G7: 3.73 | H7: Computer Science
A8: ME1056 | B8: Priya Singh | C8: B.Tech ME | D8: 1 | E8: 49 | F8: 64.7 | G8: 5.74 | H8: Mechanical
A9: CE1075 | B9: Komal Bajaj | C9: B.Tech Civil | D9: 5 | E9: 90 | F9: 88.4 | G9: 9.17 | H9: Civil
A10: CE1073 | B10: Sandeep Reddy | C10: M.Tech Structural | D10: 6 | E10: 90 | F10: 74.4 | G10: 9.34 | H10: Civil
A11: CS1007 | B11: Kiran Choudhary | C11: B.Tech CSE | D11: 7 | E11: 72 | F11: 83.3 | G11: 7.36 | H11: Computer Science
A12: CE1076 | B12: Nikhil Sharma | C12: M.Tech Structural | D12: 6 | E12: 60 | F12: 64.4 | G12: 6.72 | H12: Civil
A13: ME1057 | B13: Rohit Patel | C13: B.Tech Auto | D13: 4 | E13: 52 | F13: 60.9 | G13: 5.67 | H13: Mechanical
... A101: CE1063 | B101: Rahul Bose | C101: B.Tech Env | D101: 4 | E101: 95 | F101: 67.1 | G101: 9.54 | H101: Civil

Sheet Analytics
A1: 📊 OVERVIEW STATISTICS
A2: Total Students | B2: =COUNTA('Student Records'!A2:A101) -> 100
A3: Average CGPA | B3: =AVERAGE('Student Records'!G2:G101) -> 6.9939
A4: Highest CGPA | B4: =MAX('Student Records'!G2:G101) -> 10
A5: Lowest CGPA | B5: =MIN('Student Records'!G2:G101) -> 2.72
A6: Avg Attendance (%) | B6: =AVERAGE('Student Records'!F2:F101) -> 72.233
A7: Avg Marks | B7: =AVERAGE('Student Records'!E2:E101) -> 65.93
A8: Pass Rate (%) | B8: =COUNTIF('Student Records'!E2:E101,">=33")/COUNTA('Student Records'!E2:E101)*100 -> 96
A10: 🏆 DEPARTMENT TOPPERS
A11: Department | B11: Topper Name | C11: Max CGPA
A12: Computer Science | B12: =IFERROR(INDEX('Student Records'!$B$2:$B$101,MATCH(1,('Student Records'!$G$2:$G$101=C12)*('Student Records'!$H$2:$H$101=A12),0)),"N/A") -> N/A | C12: =MAX(IF('Student Records'!$H$2:$H$101=A12,'Student Records'!$G$2:$G$101)) -> 0
A13: Electronics | B13: =IFERROR(INDEX('Student Records'!$B$2:$B$101,MATCH(1,('Student Records'!$G$2:$G$101=C13)*('Student Records'!$H$2:$H$101=A13),0)),"N/A") -> N/A | C13: =MAX(IF('Student Records'!$H$2:$H$101=A13,'Student Records'!$G$2:$G$101)) -> 0
A14: Mechanical | B14: =IFERROR(INDEX('Student Records'!$B$2:$B$101,MATCH(1,('Student Records'!$G$2:$G$101=C14)*('Student Records'!$H$2:$H$101=A14),0)),"N/A") -> N/A | C14: =MAX(IF('Student Records'!$H$2:$H$101=A14,'Student Records'!$G$2:$G$101)) -> 0
A15: Civil | B15: =IFERROR(INDEX('Student Records'!$B$2:$B$101,MATCH(1,('Student Records'!$G$2:$G$101=C15)*('Student Records'!$H$2:$H$101=A15),0)),"N/A") -> N/A | C15: =MAX(IF('Student Records'!$H$2:$H$101=A15,'Student Records'!$G$2:$G$101)) -> 10
A16: Information Technology | B16: =IFERROR(INDEX('Student Records'!$B$2:$B$101,MATCH(1,('Student Records'!$G$2:$G$101=C16)*('Student Records'!$H$2:$H$101=A16),0)),"N/A") -> N/A | C16: =MAX(IF('Student Records'!$H$2:$H$101=A16,'Student Records'!$G$2:$G$101)) -> 0
A18: 📈 DEPARTMENT-WISE PASS RATE
A19: Department | B19: Total Students | C19: Passed | D19: Pass Rate %
A20: Computer Science | B20: =COUNTIF('Student Records'!H2:H101,A20) -> 20 | C20: =COUNTIFS('Student Records'!H2:H101,A20,'Student Records'!E2:E101,">=33") -> 18 | D20: =IF(B20=0,0,C20/B20*100) -> 90
A21: Electronics | B21: =COUNTIF('Student Records'!H2:H101,A21) -> 20 | C21: =COUNTIFS('Student Records'!H2:H101,A21,'Student Records'!E2:E101,">=33") -> 19 | D21: =IF(B21=0,0,C21/B21*100) -> 95
A22: Mechanical | B22: =COUNTIF('Student Records'!H2:H101,A22) -> 20 | C22: =COUNTIFS('Student Records'!H2:H101,A22,'Student Records'!E2:E101,">=33") -> 20 | D22: =IF(B22=0,0,C22/B22*100) -> 100
A23: Civil | B23: =COUNTIF('Student Records'!H2:H101,A23) -> 20 | C23: =COUNTIFS('Student Records'!H2:H101,A23,'Student Records'!E2:E101,">=33") -> 19 | D23: =IF(B23=0,0,C23/B23*100) -> 95
A24: Information Technology | B24: =COUNTIF('Student Records'!H2:H101,A24) -> 20 | C24: =COUNTIFS('Student Records'!H2:H101,A24,'Student Records'!E2:E101,">=33") -> 20 | D24: =IF(B24=0,0,C24/B24*100) -> 100
A26: 📉 CGPA BAND DISTRIBUTION
A27: CGPA Band | B27: Student Count | C27: Percentage %
A28: Outstanding (9.0–10.0) | B28: =COUNTIF('Student Records'!G2:G101,">=9") -> 18 | C28: =IF(B28=0,0,B28/100*100) -> 18
A29: Excellent (8.0–8.99) | B29: =COUNTIFS('Student Records'!G2:G101,">=8",'Student Records'!G2:G101,"<9") -> 16 | C29: =IF(B29=0,0,B29/100*100) -> 16
A30: Good (7.0–7.99) | B30: =COUNTIFS('Student Records'!G2:G101,">=7",'Student Records'!G2:G101,"<8") -> 18 | C30: =IF(B30=0,0,B30/100*100) -> 18
A31: Average (6.0–6.99) | B31: =COUNTIFS('Student Records'!G2:G101,">=6",'Student Records'!G2:G101,"<7") -> 13 | C31: =IF(B31=0,0,B31/100*100) -> 13
A32: Below Average (<6.0) | B32: =COUNTIF('Student Records'!G2:G101,"<6") -> 35 | C32: =IF(B32=0,0,B32/100*100) -> 35
